area;interesse
Matemática;Álgebra
Matemática;Conjuntos
Matemática;Teoria dos Números
Matemática;Geometria Algébrica
Matemática;Equações Diferenciais Funcionais
Probabilidade;Teoremas de Limite
Probabilidade;Análise de Dados
Probabilidade;Estatística
Probabilidade;Processos Markovianos
Probabilidade;Análise Estocástica
Ciência da Computação;Teoria da Computação
Ciência da Computação;Engenharia de Software
Ciência da Computação;Teleinformática
Ciência da Computação;Análise de Algorítmos e Complexidade de Computação
Ciência da Computação;Banco de Dados
Astronomia;Cosmologia
Astronomia;Galáxias
Astronomia;Meio Interestelar
Astronomia;Astrofísica Fundamental
Astronomia;Astronomia Espacial
Zoologia;Paleozoologia
Zoologia;Comportamento Animal
Zoologia;Morfologia dos Grupos Recentes
Zoologia;Utilização dos Animais
Zoologia;Controle Populacional de Animais